FirstName,LastName,Email,Password
Lawrence,Prichard,lprichard0@blogspot.com,sU6RozRtY
Josepha,Brunesco,jbrunesco1@usda.gov,nt37ynHR
Orbadiah,Winsom,owinsom2@angelfire.com,1KMg6uEvVQua
Bartholomeo,Rijkeseis,brijkeseis3@parallels.com,irJIGbvNQH
Katine,Margarson,kmargarson4@hud.gov,BNXDnI
Garland,Dauncey,gdauncey5@seesaa.net,DHWeAv
Henrietta,Shankle,hshankle6@elpais.com,tg6S2McpbPiB
Erroll,Toffoletto,etoffoletto7@un.org,FLCJ0Bu
Dianna,Ayce,dayce8@friendfeed.com,fGa32Uw16VxW
Babbette,Figura,bfigura9@mit.edu,QT7SPBRJFWn
Elora,Durnford,edurnforda@wikipedia.org,NlhHKVCR
Egor,Letterese,elettereseb@shutterfly.com,V3vN8VmDIa
Marlin,Ducker,mduckerc@whitehouse.gov,u7acHYnn
Emmie,Nolli,enollid@uiuc.edu,bisQqJW9WXb
Ariel,Zielinski,azielinskie@jiathis.com,H0uhdq
Maddie,Kyte,mkytef@webs.com,VAjYr8
Quintus,Summons,qsummonsg@hatena.ne.jp,ZCKVfpDYSqV
Emelyne,Oliffe,eoliffeh@mediafire.com,84d5auNxyW
Eunice,Andric,eandrici@virginia.edu,AYpYzT
Alayne,Diddams,adiddamsj@loc.gov,JXi0V4L
Nathanial,Mangeney,nmangeneyk@tmall.com,T1V0HmWWik
Peggi,Lincey,plinceyl@51.la,YjYllLNDY
Araldo,Simester,asimesterm@ucoz.com,l1CZ6cTTgld
Herbie,Renbold,hrenboldn@godaddy.com,DJw018mVM
Kerk,Garbott,kgarbotto@cnn.com,903wAVuueG4c
Alix,Whitfeld,awhitfeldp@homestead.com,FfLVVRx
Jamison,O'Brogan,jobroganq@flickr.com,7p9JJyBeQ
Crin,Aucoate,caucoater@nba.com,Xvbwb3aW3FT
Russell,Tilly,rtillys@amazon.co.jp,jkrdS5gUPzU
Ferdy,Cheek,fcheekt@oaic.gov.au,Wk4NwP6vumht
Darin,Bachelor,dbacheloru@google.cn,rb8ASIR
Devin,Guyver,dguyverv@furl.net,lSn4lkFj9Trh
La verne,Buttel,lbuttelw@who.int,27Cb0vRaci
Angelita,Pichmann,apichmannx@go.com,mdMymJMR5Pn
Ekaterina,Samwayes,esamwayesy@dailymotion.com,fkKgG8
Tarra,Jamblin,tjamblinz@ameblo.jp,EfnRmE6NqK
Loraine,Coie,lcoie10@flickr.com,qdZwf1s6d
Barny,Wynn,bwynn11@1und1.de,BzKkvNdRh
Christophe,Hailes,chailes12@spotify.com,x6M5YSvxehV7
Yolane,Gommey,ygommey13@miitbeian.gov.cn,wtTR3TOV
Geoffrey,Gillino,ggillino14@mashable.com,mzA5mxu
Lucinda,Stainton,lstainton15@prweb.com,m0ONYhv
Pembroke,Fleay,pfleay16@surveymonkey.com,beeQOZ1
Ford,Iliff,filiff17@myspace.com,1z6gS7yA2wDg
Rufus,Lorryman,rlorryman18@mozilla.org,AcGY47PPII
Marty,Antram,mantram19@last.fm,A6l3xLMPK4
Wilone,Gatrill,wgatrill1a@mediafire.com,YY5rpEx5so
Bren,Cawte,bcawte1b@marriott.com,ra6PbUWE9Bmt
Stanislas,Newlan,snewlan1c@alibaba.com,FBhNahgF
Caddric,Kloster,ckloster1d@youku.com,89PRrZe
Tan,Fullalove,tfullalove1e@bravesites.com,CNdbh2ByC
Oswald,Skitral,oskitral1f@diigo.com,gO1TVerZG
Lucretia,Gonzales,lgonzales1g@booking.com,TCXKHgi
Lorie,Ahearne,lahearne1h@cbc.ca,T843i6Fz743y
Agata,Proschke,aproschke1i@princeton.edu,QO2GsahYmh
Octavius,Fidock,ofidock1j@ifeng.com,wflOgbyfX
Christal,Gibbeson,cgibbeson1k@fema.gov,QMNrv3YNn
Bettine,Jolland,bjolland1l@prlog.org,txkwql
Dilan,Purviss,dpurviss1m@freewebs.com,bRi4TfpKYfBa
Nev,Prall,nprall1n@163.com,GcEwXnczSiPn
Malorie,Stennine,mstennine1o@paginegialle.it,zb2187
Maurise,Borland,mborland1p@cam.ac.uk,FesQvP
Clarice,Dresche,cdresche1q@weather.com,R5LJTUzb1rD
Bruis,Thorn,bthorn1r@51.la,NXggVUF
Ilse,Broadberry,ibroadberry1s@theatlantic.com,d4HBbbtn2du
Farrel,Mattiassi,fmattiassi1t@parallels.com,CLwr6x5
Rodrick,Truwert,rtruwert1u@hibu.com,EYMByLhLQdBs
Ashly,Fairburne,afairburne1v@oakley.com,1rUzxjSPA
Vivyanne,Maty,vmaty1w@washingtonpost.com,sxGdj7B7x
Aleksandr,O'Farris,aofarris1x@dyndns.org,iaVo3B
Jena,Jelf,jjelf1y@netvibes.com,TjaQj9amW2Y
Erik,Rontree,erontree1z@smugmug.com,30bt0R
Kathi,Pickering,kpickering20@meetup.com,VxGGzWgnGSn
Jemima,Tremblet,jtremblet21@themeforest.net,iLC1RKHHm5
Noach,MacAndie,nmacandie22@cmu.edu,TYpUxf
Sheppard,Aymerich,saymerich23@japanpost.jp,hJUEERZ
Dulcie,Andryszczak,dandryszczak24@tinypic.com,joWH7jJVRvP
Gunther,Stothert,gstothert25@deliciousdays.com,YxwBVnvA9D
Worthy,Spurden,wspurden26@techcrunch.com,hxITwKJYVTku
Reade,Foucard,rfoucard27@go.com,uKA1aH
Whitman,Doddridge,wdoddridge28@webmd.com,01ArzJa50
Jerrine,Bushrod,jbushrod29@gravatar.com,ftfuX2lBD
Alex,Cattermull,acattermull2a@bravesites.com,aq4YDIRT
Elyse,Infante,einfante2b@gizmodo.com,DhsFlG
Teador,Bernard,tbernard2c@buzzfeed.com,by3Ryv7z
Stefano,Walmsley,swalmsley2d@gravatar.com,puRXuGf
Gaby,Potapczuk,gpotapczuk2e@hao123.com,LW8ivphuO
Franciskus,Geratt,fgeratt2f@cloudflare.com,jItDAg
Worthy,Placstone,wplacstone2g@miibeian.gov.cn,JOWgBz48
Jessee,Hedlestone,jhedlestone2h@cocolog-nifty.com,0qqCayIMcC3o
Rolando,Logesdale,rlogesdale2i@webnode.com,tdwLX385jeF
Ali,Willment,awillment2j@pbs.org,f7mbq0
Keenan,Kidstoun,kkidstoun2k@sogou.com,ovWaoJx
Conant,Akers,cakers2l@youku.com,s3gHD8Z3r
Mano,Maydwell,mmaydwell2m@ft.com,2L5bWvoma
Pail,Eard,peard2n@usgs.gov,zY3Xl7
Harrie,Knight,hknight2o@icq.com,d50ewz
Shea,Bluschke,sbluschke2p@imgur.com,oLpWJ7k
Darlene,Knutsen,dknutsen2q@goo.gl,ps6hn4M0
Daven,Mellem,dmellem2r@walmart.com,Z48A9xp1
Millie,Grieve,mgrieve2s@mit.edu,bXx3sBGt
Violet,Waterstone,vwaterstone2t@imdb.com,iNfiye
Neila,Piatkow,npiatkow2u@google.pl,KunUZ8
Katerine,Dominico,kdominico2v@wp.com,5p4GheBlYHBv
Bernadette,Whitby,bwhitby2w@e-recht24.de,1nH0LkVHZdo
Hebert,Curme,hcurme2x@princeton.edu,e8rhVW6VGHcM
Justus,Minmagh,jminmagh2y@godaddy.com,grj6Y5RH
Reinhard,O' Liddy,roliddy2z@narod.ru,aMZttjfvPV
Debora,De Moreno,ddemoreno30@unblog.fr,mW4b2nYuvPG
Godfry,Deverock,gdeverock31@miitbeian.gov.cn,XFsV7mUc
Reggie,Veeler,rveeler32@gov.uk,nRXiZKf
Kimmy,Fullom,kfullom33@ameblo.jp,FtGOwuCW2u
Lorilyn,Gorwood,lgorwood34@alibaba.com,BD4LejfW
Sonny,Edkins,sedkins35@comsenz.com,CMzmJhPj4
Sholom,Camden,scamden36@princeton.edu,ZLWw72hGU
Ebenezer,Le Pine,elepine37@dell.com,04pj95
Jaymie,Jolley,jjolley38@usatoday.com,u51E536oiN
Marta,Balnaves,mbalnaves39@topsy.com,JnYuno
Juliane,Ditchfield,jditchfield3a@xing.com,jHooX0xMqE
Kalle,Perigo,kperigo3b@wunderground.com,EFfHs7sJ8oKs
Christabel,Dinan,cdinan3c@whitehouse.gov,F7GkYG3Cpm
Dian,Nurny,dnurny3d@utexas.edu,e106bpBd4gkV
Nancee,Fortnon,nfortnon3e@tiny.cc,lpghY4uE
Adrea,McShirie,amcshirie3f@netlog.com,jvvif6jQRz1O
Kristine,Duligall,kduligall3g@topsy.com,EDBqDNuhED0
Locke,Spera,lspera3h@xrea.com,O4Nfzh
Tierney,Springford,tspringford3i@aol.com,aVFTkzQy4
Pooh,Stelfax,pstelfax3j@yellowbook.com,RjqQEBKnb
Kaylyn,Baildon,kbaildon3k@google.es,NYgjm9Ig
Keely,Denning,kdenning3l@pbs.org,apbmBnp
Archaimbaud,Panther,apanther3m@addthis.com,DWpzc3
Bronnie,Morison,bmorison3n@uiuc.edu,0y5FJhDFkWbm
Wildon,Purvis,wpurvis3o@java.com,t5JZgY
Fredelia,Mathonnet,fmathonnet3p@meetup.com,RnMaOWAMl
Conroy,Simmins,csimmins3q@drupal.org,FToG8aSu9zLG
Helenelizabeth,McConnachie,hmcconnachie3r@virginia.edu,ISa2IUHxWc5h
Elmo,Jarley,ejarley3s@ustream.tv,UhvH1Qdc
Jan,Riddeough,jriddeough3t@technorati.com,DKymUMZEc
Larissa,Glenwright,lglenwright3u@amazon.com,PXPDHDB8uRg
Kirstyn,Shipcott,kshipcott3v@wix.com,BR89uRtf7l10
Ray,Hellard,rhellard3w@phpbb.com,Fe7FVt5
Earvin,Kenwood,ekenwood3x@php.net,Ak1tbAj
Ethan,Inglesant,einglesant3y@mit.edu,Xrm8mCZbJu
Mary,Giorgini,mgiorgini3z@phpbb.com,HVW8twFXIG
Jami,Sharville,jsharville40@1688.com,gqJuGxRBkv
Hesther,Kepling,hkepling41@blogs.com,lg5dMrLWLh
Berrie,Baldazzi,bbaldazzi42@ted.com,l8zIJSVN2QrP
Clevey,Olner,colner43@de.vu,xLJya9O
Henri,Handford,hhandford44@google.cn,NSrtHiMmC1
Tony,Knolles-Green,tknollesgreen45@unblog.fr,qZyYer
Linda,Skarman,lskarman46@berkeley.edu,wiAfc5rI2vG
Blinnie,Brozek,bbrozek47@google.com,BO9kmbJDb
Geoffry,Megson,gmegson48@opera.com,JvtCepnd
Lynnet,Tarburn,ltarburn49@sourceforge.net,Y4QTmVYu
Yasmeen,Lukehurst,ylukehurst4a@symantec.com,eA2nwTvw2ib7
Galvin,Ebbles,gebbles4b@ibm.com,DaNac0o
Alene,Lantoph,alantoph4c@bigcartel.com,XOhSWCQw2C
Max,Grushin,mgrushin4d@indiatimes.com,Z9RQwKR
Urson,Romaint,uromaint4e@cmu.edu,JNWK3dag7826
Stephine,Devon,sdevon4f@youku.com,t28UyM
Ingunna,Weatherell,iweatherell4g@clickbank.net,bY6CePtj
Alon,Paskerful,apaskerful4h@altervista.org,pNZH1bEwPg
Thaddeus,Fuke,tfuke4i@i2i.jp,Sch9Ca7me
Inge,Sange,isange4j@issuu.com,7cdDzWCS2LY
Nikolia,Romaint,nromaint4k@google.nl,Yn8c7Qru
Anatol,Amberg,aamberg4l@free.fr,0Y1745y9Ryqs
Alva,Simkiss,asimkiss4m@fda.gov,mT5bwM
Melessa,Dullingham,mdullingham4n@unc.edu,G7ILSzz
Timmie,Salla,tsalla4o@csmonitor.com,xaGqP4
Benny,Orrock,borrock4p@woothemes.com,f8rHSr
Ag,Kondrachenko,akondrachenko4q@photobucket.com,hiisoS58S1t
Lefty,Brakespear,lbrakespear4r@uol.com.br,ifzGe29Dg
Gilbertina,McCloughlin,gmccloughlin4s@nps.gov,IO5We537I
Siouxie,Pointing,spointing4t@tamu.edu,Zfo5LWokAo4
Opal,Carryer,ocarryer4u@pagesperso-orange.fr,awig9MJZQ
Kerk,McAlinden,kmcalinden4v@pbs.org,gmV0wnz08uv9
Tessy,Mushawe,tmushawe4w@drupal.org,wd4txTPyfk
Ebonee,Gooderson,egooderson4x@utexas.edu,RjdxxMxTDG
Romonda,Couthard,rcouthard4y@toplist.cz,3UE5b15ANT
Jedediah,Nodes,jnodes4z@etsy.com,JOZdSB71eMZ2
Deirdre,Assante,dassante50@bloglines.com,8JSsJvL
Parrnell,York,pyork51@bizjournals.com,vSSMQR58HyL
Audi,Kulis,akulis52@stanford.edu,vMR49dpj0ra
Silas,Carous,scarous53@go.com,LziBFn1J
Ambrose,Rubert,arubert54@reverbnation.com,umCexh
Benjamen,Chasemoore,bchasemoore55@netlog.com,9RtKtL76wIYr
Cherry,Gianasi,cgianasi56@ucoz.com,6zlyiYFPGCrB
Melisande,MacConnel,mmacconnel57@nymag.com,TH4VmNUk
Sheri,Corthes,scorthes58@shutterfly.com,4kZMYpC
Clem,Sture,csture59@godaddy.com,yQFodXNmgzEo
Guillemette,Leader,gleader5a@tinypic.com,t8zPody
Candice,Molan,cmolan5b@deliciousdays.com,ohZo8FId6o8
Dave,Bard,dbard5c@europa.eu,Fcm6vJFtB
Papagena,Colaton,pcolaton5d@free.fr,a55hnF
Avril,McKenney,amckenney5e@webeden.co.uk,wA98L2wpfH
Alayne,Klainer,aklainer5f@homestead.com,cDqIFNOsxLjK
Julie,Coule,jcoule5g@etsy.com,BrtmKl
Yuma,Borthe,yborthe5h@miitbeian.gov.cn,FkFawc5Cupu
Clementia,Woollhead,cwoollhead5i@telegraph.co.uk,9OPX5w
Twyla,Josef,tjosef5j@sitemeter.com,KxKl0e0B
Dorree,Austins,daustins5k@merriam-webster.com,KWBsHNlIys3
Dwain,Dyers,ddyers5l@businesswire.com,4RzjxNwHey
Byron,McGurn,bmcgurn5m@bluehost.com,XNw7Tcz50GI
Niki,Bayne,nbayne5n@blogs.com,0UNmYkKWsV2
Dolli,Pinel,dpinel5o@issuu.com,Mm0dd1H
Mariele,Keggin,mkeggin5p@wikia.com,BEKqRZ
Jarib,Dryden,jdryden5q@nih.gov,PGgr13
Oran,Drynan,odrynan5r@vinaora.com,c3f9QqyUJd2h
Lou,Almeida,lalmeida5s@delicious.com,byw1b2nz
Yale,Gwatkins,ygwatkins5t@columbia.edu,aqXwTpZJLm
Zak,Alekseicik,zalekseicik5u@digg.com,Q4HFOjjFkuI4
Kordula,Hanhard,khanhard5v@altervista.org,EDkSMaSIXHMU
Randy,Layfield,rlayfield5w@biblegateway.com,R7IXCgaUQkp
Merle,Freckingham,mfreckingham5x@tripod.com,rWbU159BV
Gerek,Speakman,gspeakman5y@networkadvertising.org,IrhwvY9UXTl
Claribel,Yates,cyates5z@xinhuanet.com,xiiSaSl6wl
Bryanty,Sweatman,bsweatman60@cloudflare.com,TgLVWZU
Reagan,Plitz,rplitz61@netvibes.com,W1pE983T7
Coriss,Daudray,cdaudray62@discovery.com,rRaD5tdfn
Aymer,Trainor,atrainor63@pinterest.com,xl0GVv
Tobit,Raigatt,traigatt64@php.net,0bBzja20
Tudor,Franschini,tfranschini65@psu.edu,vk8tnlKpIU
Gonzales,Blackborough,gblackborough66@jugem.jp,gfmbkUGtJ
Dalli,Ball,dball67@wisc.edu,DUds8qF9
Earlie,Cocci,ecocci68@answers.com,stj5sH
Aland,Rooms,arooms69@php.net,kE5XUGW1p9o
Colene,Espinha,cespinha6a@alexa.com,k8i9EbgjoM
Derek,Skpsey,dskpsey6b@taobao.com,p0NmeYq
Esme,Denniss,edenniss6c@newyorker.com,N0a7NxuA
Linnie,Maudett,lmaudett6d@weather.com,96e7UL6cXtGJ
Celinka,Cridge,ccridge6e@deviantart.com,adD0xpVI
Malvina,Redwing,mredwing6f@woothemes.com,5q6tsol
Sarette,Jakel,sjakel6g@vistaprint.com,W445hISA
Loydie,Campa,lcampa6h@studiopress.com,vxC86Rztxc
Rosaline,Hancorn,rhancorn6i@g.co,AlKOyIXF
Jobina,Bewfield,jbewfield6j@skype.com,NHjIDppG65
Walker,Trask,wtrask6k@home.pl,3WgqvYjC0
Padriac,Tatlow,ptatlow6l@addthis.com,7Pj0SV
Trixi,Wollers,twollers6m@hexun.com,wWKiHjwSCsLl
Guilbert,Abrahamsson,gabrahamsson6n@hud.gov,tpl7mZTijU3
Janith,Dudley,jdudley6o@ft.com,sKogb1Z
Lilly,Hagergham,lhagergham6p@springer.com,S0y0ZBWq6Rp4
Linette,Brandolini,lbrandolini6q@gravatar.com,MdW7M1R
Reece,Pedrollo,rpedrollo6r@wikia.com,HKAeUgWEo
Giacopo,Mariette,gmariette6s@prweb.com,7CoO4MVn
Kimberly,Wolfers,kwolfers6t@google.ru,hRVERf0Aig
Ranice,Illston,rillston6u@infoseek.co.jp,t8erOHAKnrvj
Lisette,Summerly,lsummerly6v@cnbc.com,8i1Td51
Celie,Conningham,cconningham6w@sun.com,q2ZxBGf8f
Melissa,Feasey,mfeasey6x@icio.us,JSDn1obKzgyU
Rosalyn,Scapelhorn,rscapelhorn6y@marriott.com,q6XnDr
Essa,Bygreaves,ebygreaves6z@jimdo.com,JH1MgoGlNl2
Juanita,Colaton,jcolaton70@yahoo.co.jp,EClaj9jul
Donny,Josse,djosse71@seesaa.net,5OSoUamTpTTP
Pepito,Cardinale,pcardinale72@mit.edu,b8wgpc
Maxy,Patrick,mpatrick73@wired.com,OCzQmRn
Parrnell,Forshaw,pforshaw74@va.gov,8CKmFU3CMo
Vasili,Joffe,vjoffe75@booking.com,CUhP8Wf
Harold,Bagley,hbagley76@ask.com,uGDnEXnE3A
Gill,Mitchel,gmitchel77@linkedin.com,FDqZNaBnIa
Annnora,Munkley,amunkley78@clickbank.net,ZlID5i
Hedwig,Vollam,hvollam79@google.fr,H3lSBy6R3Sll
Deeyn,Arents,darents7a@nbcnews.com,EXPkCzl2YNSC
Mercie,O' Shea,moshea7b@rambler.ru,q6lIKzR0L7
Johnnie,Pleasance,jpleasance7c@prlog.org,rfEEGlSBF92
Dinny,Ingon,dingon7d@blinklist.com,foXj39xf
Lucine,Bruntjen,lbruntjen7e@mapy.cz,uKYaj98Ayqm
Alberta,Rohlf,arohlf7f@miitbeian.gov.cn,mvZnv2
Merralee,Edinboro,medinboro7g@dedecms.com,e91OXxWsc
Horace,Amphlett,hamphlett7h@ustream.tv,8Bj17xZX
Papagena,Boscott,pboscott7i@boston.com,tzeSCaSFBCfy
Lexine,Pryer,lpryer7j@microsoft.com,EiCA0Yoa
Rad,Kupka,rkupka7k@upenn.edu,P7kVfZ
Kennie,Widdup,kwiddup7l@samsung.com,lb2TOfXDSteh
Jaquelyn,Wilbraham,jwilbraham7m@ted.com,1LCxO22o
Gaven,Birnie,gbirnie7n@examiner.com,hvgs1z
Toinette,Winchurst,twinchurst7o@epa.gov,SMvpw370P2
Waly,Byham,wbyham7p@123-reg.co.uk,XLuGtJ144w
Win,Paxeford,wpaxeford7q@admin.ch,ZwigskmQFp
Germain,Benedetti,gbenedetti7r@unicef.org,BcD9ThKC35
Ermina,Bereford,ebereford7s@webeden.co.uk,JY0pw8X0aAAK
Rachele,Dilks,rdilks7t@zimbio.com,PUo7nel3rn
Thekla,Diloway,tdiloway7u@360.cn,mW0v7Cqynga
Rance,Wemyss,rwemyss7v@sourceforge.net,vriCOFCU4SD
Kaia,Jarmyn,kjarmyn7w@bbb.org,CFEVbk4
Hyacintha,Kobes,hkobes7x@yellowbook.com,7ZgtotRWz5aa
Rennie,Bryson,rbryson7y@feedburner.com,UjkxvjhZe
Gratiana,Eastes,geastes7z@is.gd,RnrMNSZlV5e
Melessa,Harle,mharle80@skype.com,2WlowYdpM
Vannie,Castanie,vcastanie81@youku.com,c41ndbLsT6
Vincenty,Goffe,vgoffe82@comcast.net,pTkOuOXE0H
Phyllis,Vasilmanov,pvasilmanov83@irs.gov,5MfPrGZ9
Jessamyn,Gloyens,jgloyens84@reverbnation.com,t4M65BvC5vZ
Beck,Sex,bsex85@diigo.com,xSIquXC
Freddy,Cosker,fcosker86@techcrunch.com,f8csspHKAW
Nicolis,Wrixon,nwrixon87@infoseek.co.jp,mTUZAkRm
Hatty,Tarbin,htarbin88@weibo.com,snnaz4
Regan,Serchwell,rserchwell89@shutterfly.com,k2ygvo
Carlynne,Rawstorn,crawstorn8a@wp.com,v9fRzZ6XQYc
Gav,Mattson,gmattson8b@walmart.com,gdAfbU
Colman,Houdhury,choudhury8c@stumbleupon.com,c9TiE8oPP
Rutledge,Barrabeale,rbarrabeale8d@printfriendly.com,EuO4EHRYfk
Aloisia,Rubinivitz,arubinivitz8e@engadget.com,tSAUuuSoyNXK
Mikkel,Eyles,meyles8f@patch.com,eAt1OpLJtx
Meryl,Luxon,mluxon8g@skyrock.com,iCoZPaH
Patrizia,Yokelman,pyokelman8h@wix.com,XsLeeIY
Terrel,McKerley,tmckerley8i@bluehost.com,0JHLfsFNPkTM
Kimberlyn,Ropking,kropking8j@yellowpages.com,mvMrIzF
Elsworth,McWilliam,emcwilliam8k@creativecommons.org,BXnuiro0
Burty,Nucator,bnucator8l@cloudflare.com,UZFt3sVmhg
Tate,Wheater,twheater8m@flavors.me,QTKdmc7rAn
Shannen,Canon,scanon8n@goo.ne.jp,8AbUnpzlMF
Obidiah,O'Doogan,oodoogan8o@tiny.cc,sDcHQdblo
Venita,Castilljo,vcastilljo8p@cafepress.com,CFkPy6p
Marrilee,Swain,mswain8q@abc.net.au,Idui1e1j0
Arty,Feldmus,afeldmus8r@bluehost.com,1esPYAF36z
Petronille,Ketteringham,pketteringham8s@oracle.com,swbbxtJsj
Gretal,Hickinbottom,ghickinbottom8t@marketwatch.com,RvNOVj
Jeanna,O'Loughnan,joloughnan8u@state.tx.us,IQqwawA8Bu
Chandler,Hellmer,chellmer8v@cdbaby.com,YJGKBR1bZFE
Idalia,Clougher,iclougher8w@com.com,biYvgybYm
Wheeler,Plover,wplover8x@auda.org.au,89qQcrFTkmGx
Web,Kyme,wkyme8y@google.ca,CG9i43Kbgy
Juli,Siegertsz,jsiegertsz8z@vinaora.com,kKQkpJqjtYf
Donetta,Slogrove,dslogrove90@paypal.com,lTPtiaWIk
Gui,Moubray,gmoubray91@w3.org,Z2gJBVDA
Melloney,Derrington,mderrington92@auda.org.au,BLvY5P4dg5uT
Griff,Croke,gcroke93@unblog.fr,qRkTk9C
Tades,Brafferton,tbrafferton94@lycos.com,4zIVKQZVLXOS
Karil,Aberkirdo,kaberkirdo95@geocities.com,RUPpylj
Herold,Sherrock,hsherrock96@hc360.com,Rg64aH
Mal,Berrygun,mberrygun97@discovery.com,phYA2Nxqzy
Mayor,Valler,mvaller98@etsy.com,9HGwZxNrpFf
Honey,Sawley,hsawley99@jalbum.net,9sHljZb
Clare,Rickards,crickards9a@cnn.com,RUyaCB2
Burnard,Hilldrup,bhilldrup9b@creativecommons.org,5v1CpNZbtl
Dee dee,Hefner,dhefner9c@independent.co.uk,kSeS9io
Halsey,Ricks,hricks9d@de.vu,RHAPCz
Arliene,Pfaffel,apfaffel9e@nhs.uk,dyG5DnXz
Layton,Rawstorn,lrawstorn9f@dyndns.org,dRtsH2
Thor,Ragate,tragate9g@admin.ch,fvXNw0u
Galvan,Eringey,geringey9h@berkeley.edu,dAYs3Wy3AG
Nesta,Varfolomeev,nvarfolomeev9i@123-reg.co.uk,EoMV8W
Shannen,Paffitt,spaffitt9j@t-online.de,pRBKMmVXqgf
Earl,Mitchenson,emitchenson9k@skyrock.com,pTIFMwTgcjka
Betteann,Pettecrew,bpettecrew9l@un.org,GrMT9e0L5cR9
Don,Jaycox,djaycox9m@oakley.com,4O4uG5b65qD
Gordon,Ainger,gainger9n@sakura.ne.jp,jN0FMMjua7CH
Karney,Daenen,kdaenen9o@ning.com,0jw5Km9jgd
Roderigo,Grivori,rgrivori9p@spiegel.de,oZeJntnMYc
Sib,O'Reilly,soreilly9q@fda.gov,8xJfpRSb
Pammy,Bockett,pbockett9r@wikimedia.org,9YDLl3ozib
Sibel,Milnthorpe,smilnthorpe9s@dagondesign.com,QCxJciH5
Brooke,Worrill,bworrill9t@sciencedaily.com,G0mS2OyOYg
Marylee,Cropper,mcropper9u@posterous.com,rFsecAcY
Estrellita,Grzelczak,egrzelczak9v@is.gd,RJR8Zb328HcO
Julienne,Mathouse,jmathouse9w@behance.net,6Yhjk3zk2U
Carlye,Widdows,cwiddows9x@alexa.com,H3ioreDBUb6T
Mikel,Wadham,mwadham9y@tiny.cc,mJTq0ISr2tj
Abbi,Nield,anield9z@discuz.net,XPbkiFH
Dawn,Semour,dsemoura0@amazon.de,N9aWb4M
Lauri,Sparshett,lsparshetta1@sogou.com,kZTf42y93N
Cheslie,O'Sirin,cosirina2@technorati.com,WowOLdy
Fredericka,Baal,fbaala3@mac.com,wJuFdQLFGFnZ
Grissel,Torbett,gtorbetta4@addthis.com,mYgqoEBy
Flem,Kidner,fkidnera5@statcounter.com,wPUGhCLGbWu
Elie,Sharpous,esharpousa6@github.com,SNqwQ2
James,Hilhouse,jhilhousea7@quantcast.com,CR5uyH
Hymie,Quilter,hquiltera8@senate.gov,w3Tcjbe7Ou
Hertha,Alpes,halpesa9@yellowbook.com,WEcvttP0TzY
Brewster,Dilston,bdilstonaa@goodreads.com,wBfl1ocN
Marysa,Biddwell,mbiddwellab@independent.co.uk,dDYw4J85qjA
Carce,Woolford,cwoolfordac@admin.ch,wpZCYMQ
Kinny,Conquer,kconquerad@seesaa.net,v9GUY7Ac
Sebastiano,Sessions,ssessionsae@nytimes.com,cX54jA
Jermain,Goor,jgooraf@histats.com,MRmTCdr
Nessie,Fittes,nfittesag@intel.com,qODh47D5pKdC
Marybeth,Canepe,mcanepeah@wordpress.org,aT8lwBqFKM
Dilly,Mateja,dmatejaai@reddit.com,X3Y9ak6yLZC7
Reece,Cutsforth,rcutsforthaj@upenn.edu,uSZ3NPdYHQmF
Elyssa,Jaze,ejazeak@github.io,Bo5cYZ
Mel,Copins,mcopinsal@bing.com,mnFbYu1
Arlina,Horrell,ahorrellam@ucsd.edu,Ow0aI2qkE
Penelope,Dubble,pdubblean@quantcast.com,upvqU5
Hall,Semens,hsemensao@discovery.com,pe71WnhK
Sasha,Gillio,sgillioap@webnode.com,ar8rhaJgLDh
Alta,Longstaff,alongstaffaq@netlog.com,ReC67Dq
Ollie,Kubasek,okubasekar@twitter.com,NI9Ma7qW4w
Hester,Lentsch,hlentschas@nba.com,vrYM82C
Suzanna,Carhart,scarhartat@thetimes.co.uk,OyaBPiZNHKJh
Dorotea,Metzig,dmetzigau@reuters.com,8vMaffuQ
Iona,Mulran,imulranav@bigcartel.com,mysoTgr
Mil,Doudny,mdoudnyaw@reference.com,35DO731esO6
Portia,Goseling,pgoselingax@ezinearticles.com,6n89l7Ow
Louisa,Pirouet,lpirouetay@usa.gov,NjrQC0LbhBU
Isobel,Erat,ierataz@goo.gl,YLzDrdL
Lonnie,Yonnie,lyonnieb0@salon.com,ltJp5yPaXY
Darda,Overstall,doverstallb1@sciencedaily.com,x5zignDx
Jacquie,Lemmens,jlemmensb2@redcross.org,Y9VKd3VH
Seward,Sherborn,ssherbornb3@ask.com,fhcn2Se
Corrina,Kernock,ckernockb4@vistaprint.com,AQ48QRlgK2s
Olga,Iskow,oiskowb5@yandex.ru,FFuGOWL1QuB
Nappy,Bearfoot,nbearfootb6@nasa.gov,oUkUtumNCIZ
Farley,Iuorio,fiuoriob7@msn.com,ll1TLdwZ
Jolynn,Huddle,jhuddleb8@altervista.org,YNwjz9JmLi
Amy,Teresse,ateresseb9@miibeian.gov.cn,oT3BTe
Maxy,Crepel,mcrepelba@bbb.org,gmiVR6V0gcT
Archie,Aicken,aaickenbb@t-online.de,UlDGPu
Derril,Cersey,dcerseybc@yellowbook.com,QtFONj0P9SZZ
Rozalie,Beecham,rbeechambd@java.com,JVssbZ
Winni,Vasentsov,wvasentsovbe@squidoo.com,b4h1uAve
Darby,Iveagh,diveaghbf@w3.org,dQsEfjRhyG
Annabell,Aizlewood,aaizlewoodbg@va.gov,MxR7vT04i
Shem,Epine,sepinebh@cbsnews.com,znm2jf
Hugo,Quadrio,hquadriobi@altervista.org,TaN3nbUgfPh
Daffi,Bosket,dbosketbj@feedburner.com,Y0s3poZZUKxl
Gelya,Uren,gurenbk@sciencedaily.com,hE0Y0QRn
Waiter,Chaise,wchaisebl@altervista.org,xhTUgp9
Almeta,Hoffmann,ahoffmannbm@cbc.ca,lHJgJN6HZ
Hesther,Gerger,hgergerbn@friendfeed.com,69zcV8
Derick,Wardale,dwardalebo@t.co,J73sV7no9
Georgiana,Fairhead,gfairheadbp@reuters.com,kkXSNQ
Geno,Sloss,gslossbq@aboutads.info,yR4GKmTv
Anetta,Weavill,aweavillbr@phoca.cz,ejpvc08UV1
Bradford,Hann,bhannbs@aol.com,3AdpbWpYJ0z
Paule,Hanning,phanningbt@va.gov,DnysCOBUtRbD
Holly,Gumery,hgumerybu@nasa.gov,I7brSw5N
Andria,Durrant,adurrantbv@storify.com,i5yZ0w
Ab,Wotton,awottonbw@blogspot.com,6t5CDA
Kaja,Louys,klouysbx@abc.net.au,BOwSKd
Dulcie,Fitchen,dfitchenby@mac.com,L8CscUkHb
Saxe,Gotter,sgotterbz@arstechnica.com,CEL8ocWkH
Dacy,Eliaz,deliazc0@smh.com.au,uH4Izr
Theodora,Leipelt,tleipeltc1@ibm.com,j9KyIilivF
Georgi,Herreros,gherrerosc2@sciencedaily.com,b9hYqeNwCO8X
Lyndy,Briand,lbriandc3@ibm.com,DJAoNYNQjB
Allie,Latey,alateyc4@facebook.com,FH45aC
Marcellina,Barfoot,mbarfootc5@europa.eu,SnsRqA
Thane,Minot,tminotc6@netlog.com,uHVTugZ6G2LI
Minnie,Spilsted,mspilstedc7@yelp.com,7NbaeNT1
Calli,Lared,claredc8@mediafire.com,J4jVPqGjrQN
Arleen,Stockwell,astockwellc9@cdc.gov,2bMGoN
Welbie,Braniff,wbraniffca@nationalgeographic.com,rPQA7ufHtIU
Freida,Jellard,fjellardcb@simplemachines.org,f3wc5aBpltb
Ladonna,Werendell,lwerendellcc@altervista.org,2Fv3vw
Yardley,Witton,ywittoncd@bigcartel.com,QsAfyJ
Nevsa,Rosini,nrosinice@amazon.de,fFghCnfecTJ
Seumas,Kinvig,skinvigcf@nhs.uk,9dsAVdqeSUZl
Wilona,Tuny,wtunycg@baidu.com,g4XIRfFpHz3g
Verney,Wayman,vwaymanch@squarespace.com,rgumVfNIMLWJ
Andriana,Liddington,aliddingtonci@bbc.co.uk,KzvEgCm0iXkc
Elroy,Garthside,egarthsidecj@si.edu,yLHXFlF62
Gaylor,Wathell,gwathellck@slashdot.org,D6u0U7tAQzRX
Alfons,Cawthery,acawtherycl@cbc.ca,V6lvSuAX9
Maddalena,Yerrington,myerringtoncm@reuters.com,oSOG0R6gl6
Jaime,Klimentyev,jklimentyevcn@jigsy.com,CdHy9amj17Gs
Iorgo,O'Hoolahan,iohoolahanco@ning.com,R3y8uBo
Reinold,Whewill,rwhewillcp@odnoklassniki.ru,2j2MHji6g
Wernher,Salazar,wsalazarcq@prnewswire.com,mXSRh2y
Fonsie,Hardacre,fhardacrecr@nyu.edu,iDxvBpU3
Gloriana,Aisbett,gaisbettcs@cpanel.net,4EmUXVK
Sharity,Tween,stweenct@reddit.com,Ed8ZhZnzw
Natka,Cleland,nclelandcu@forbes.com,lGzYPL3Go1Ly
Bebe,Theis,btheiscv@bandcamp.com,5UzvIYtmxCwM
Nicolle,Gallop,ngallopcw@pbs.org,xYVI6QoT5Mk
Abra,Sorsbie,asorsbiecx@opensource.org,PAvTGpUy3YEw
Benedict,Betteney,bbetteneycy@state.gov,n7fBNC
Ingeberg,Gerson,igersoncz@java.com,pPSPxlv
Audrie,Dubble,adubbled0@jigsy.com,tH341bYkBhZ
Paulette,Purry,ppurryd1@xing.com,8x4fp5
Meridith,Seymour,mseymourd2@noaa.gov,ANAqOflZ
Christoper,Rubbens,crubbensd3@freewebs.com,4zmbl3RBXi
Valene,Stawell,vstawelld4@chicagotribune.com,M8Tu6Hx
Etta,Sweatman,esweatmand5@princeton.edu,BzJVu88cJonb
Lian,Holbarrow,lholbarrowd6@privacy.gov.au,CgjrgiLMBNsT
Minna,Yacobsohn,myacobsohnd7@blog.com,y7Ne2ah1mz
Lucas,Raggatt,lraggattd8@slideshare.net,0xn9Vz
Maurie,Pothbury,mpothburyd9@gnu.org,qvFXRISKG
Moina,Fozzard,mfozzardda@youtube.com,DB84UP4
Edie,Elden,eeldendb@flickr.com,W5oPzy
Clemente,Baumer,cbaumerdc@nyu.edu,PtJZmmFDzEn
Carrissa,Toten,ctotendd@phoca.cz,tNBzRVt
Kassia,Bramah,kbramahde@yellowpages.com,MyXrebkN
Amory,Growcock,agrowcockdf@google.it,vpTQ0fCoMc
Romonda,Grimm,rgrimmdg@nytimes.com,72kfl5OOTrOD
Norbert,Trammel,ntrammeldh@comcast.net,i4OACuR
Cordula,Greatbach,cgreatbachdi@adobe.com,lKH9dzv
Sayre,Arnatt,sarnattdj@trellian.com,awpmBbbIs
Cristine,Geary,cgearydk@walmart.com,BTJ8Tern
Brok,Ingrem,bingremdl@thetimes.co.uk,I9k0YZbUJn
Ianthe,Petroff,ipetroffdm@abc.net.au,BqVCAjYi
Pasquale,Senter,psenterdn@oaic.gov.au,pCKXRbk1Hp
Samuel,Brothers,sbrothersdo@slideshare.net,2AfY8sB
Madonna,Inchan,minchandp@dion.ne.jp,T5I3si
Bryn,Rowlson,browlsondq@mashable.com,JR6kM02H8D
Minny,Lung,mlungdr@friendfeed.com,1fl8k5WL3inQ
Rosana,Flippini,rflippinids@independent.co.uk,2eDZW2kTg
Daron,Mawne,dmawnedt@ted.com,xbnZ5T
Ricky,La Croce,rlacrocedu@vkontakte.ru,kPRPTmE20ppT
Milton,Bevar,mbevardv@jigsy.com,QpP3oSinbln
Estrellita,Munn,emunndw@utexas.edu,MbEUXaMV
Elvyn,Brodway,ebrodwaydx@merriam-webster.com,5EIO2CHC5p
Lusa,Theobold,ltheobolddy@economist.com,3md2vZW
Brandon,Crat,bcratdz@twitpic.com,kgufm7LtMnh
Renell,Doddemeade,rdoddemeadee0@globo.com,47Ysws2raI
Kippie,Sankey,ksankeye1@nba.com,tw1a29o
Francisco,Aberhart,faberharte2@networkadvertising.org,h5MU4hDjz
Jobina,Louden,jloudene3@mit.edu,bj7LEHAn
Leo,MacKessock,lmackessocke4@over-blog.com,bskyrO9UQ
Karmen,Jaques,kjaquese5@comcast.net,oqTaqzYrQ0
Zach,Peal,zpeale6@sitemeter.com,u331MQIso
Tressa,Kelwick,tkelwicke7@mac.com,m9ulITaMXa
Binnie,Perfect,bperfecte8@nsw.gov.au,9L0mEHnxGiE
Elvera,Robley,erobleye9@jalbum.net,gNZREzrRTA
Malcolm,Ditchfield,mditchfieldea@sciencedirect.com,NCPxlBezH7t
Tybalt,Pinshon,tpinshoneb@hibu.com,DOAq3fsLE8
Dulce,Malec,dmalecec@pcworld.com,kxWir6nfS8
Ivette,Napper,inappered@virginia.edu,sLxith1rbuy
Reed,Ramplee,rrampleeee@telegraph.co.uk,ia4AbUZx
Leonidas,Goutcher,lgoutcheref@taobao.com,99klg1WIq8Cr
Marya,Ollett,molletteg@constantcontact.com,wQbXocMA
Maje,felip,mfelipeh@sbwire.com,X7ege2RJJM
Laurella,Tinston,ltinstonei@boston.com,fl9O3J
Flemming,Haton,fhatonej@rambler.ru,x8qbPbHW7XSk
Salim,Deverille,sdeverilleek@dot.gov,6RTfRqdWq
Crawford,Flanaghan,cflanaghanel@dagondesign.com,lgPI6S2b
Erek,Carnelley,ecarnelleyem@goo.gl,wCvqtKOE
Lin,Kubu,lkubuen@apache.org,a9MBzXO38
Gisele,Cummungs,gcummungseo@exblog.jp,gXAAQJbbS
Gavra,Daldan,gdaldanep@boston.com,Sh6Vyywqw
Vonnie,Hardacre,vhardacreeq@rambler.ru,GaRyzFg
Leora,Scoates,lscoateser@phoca.cz,nKH7Pn7LKe
Sasha,Ramelot,sramelotes@is.gd,bEhHy08jXl
Say,Simon,ssimonet@nyu.edu,E6uQGR9C
Wally,Spilstead,wspilsteadeu@eventbrite.com,OXRPCF
Toma,Lambertazzi,tlambertazziev@netlog.com,w9or39h4HFPX
Patty,Sykora,psykoraew@reddit.com,EjtGhx
Bree,Widdicombe,bwiddicombeex@seattletimes.com,VFjtHZluXe
Terrance,Brigstock,tbrigstockey@columbia.edu,lIsD5di
Alfy,Hegley,ahegleyez@mozilla.com,DZffRUfSgxh
Judith,McMurtyr,jmcmurtyrf0@rakuten.co.jp,Cx9N2fQ
Gwen,Horwell,ghorwellf1@altervista.org,XId5bN
Jammal,Shoesmith,jshoesmithf2@netvibes.com,rnXsLQj
Tawnya,Hatherleigh,thatherleighf3@is.gd,3N2I8YFahAmc
Hal,Palluschek,hpalluschekf4@gizmodo.com,CNmYRc9Xis
Hallsy,McAlester,hmcalesterf5@about.me,soYRQl8kGA
Ruttger,Ambroix,rambroixf6@weebly.com,JUQ9a7K
Stanford,Satchel,ssatchelf7@wikipedia.org,UNZOsuH
Rosemary,Craigie,rcraigief8@slideshare.net,Ovxlh3wMNauN
Shel,Durden,sdurdenf9@ifeng.com,7Mn1DnHKYI
Dwain,Count,dcountfa@51.la,mlADnCy9AjVz
Marquita,Vlasyuk,mvlasyukfb@ucoz.com,47rAkG
Louisa,Littleproud,llittleproudfc@virginia.edu,C1kVJbqMx
Lois,Stother,lstotherfd@w3.org,oFMv1456
Lil,Bohlin,lbohlinfe@netscape.com,1q9DBSfiEUw
Ottilie,Dumbrill,odumbrillff@wisc.edu,xVHcg8A1
Bastien,Vigurs,bvigursfg@ovh.net,AjkwJjsR
Amandie,Curryer,acurryerfh@pbs.org,Txk61zXg
Tamara,Kohler,tkohlerfi@salon.com,yIm8KyP8vl4
Orlando,Baud,obaudfj@hao123.com,OFQvBEZLw
Inglis,Dunne,idunnefk@nyu.edu,SMUzduxIR90d
Janette,Culham,jculhamfl@tumblr.com,rYaauwWbxE
Judy,Vowells,jvowellsfm@i2i.jp,hpH3ACX5CC
Derk,Flewin,dflewinfn@ifeng.com,rcBIDniiH4QW
Kat,Leith-Harvey,kleithharveyfo@tripod.com,H3wXciyrZ6P
Nickolai,Lamplough,nlamploughfp@sakura.ne.jp,QGUca5
Maximilianus,Flower,mflowerfq@imdb.com,qBbnREpjFmM
Megan,Starling,mstarlingfr@boston.com,0xtnGzz0QjR
Freddie,Tiffin,ftiffinfs@cnet.com,522IYob
Ted,Sharpin,tsharpinft@ucla.edu,nVGX6fBLqF4
Abbey,Straun,astraunfu@sun.com,l3r4QfpmCzU
Ash,Connochie,aconnochiefv@vkontakte.ru,5m3d1xdm2QP
Genni,Bosket,gbosketfw@360.cn,h9cfXNwk2eiR
Silva,Prangley,sprangleyfx@skyrock.com,Sjx7n372G
Pia,Wyllt,pwylltfy@shop-pro.jp,OuIiWAag
Garvin,Maskall,gmaskallfz@noaa.gov,IxLc9JsM2my
Codie,Goudard,cgoudardg0@bizjournals.com,Hg5iVp
Krisha,Bertlin,kbertling1@icio.us,VIIsToi
Consalve,Welbelove,cwelbeloveg2@behance.net,mSiI46
Jorey,Noar,jnoarg3@springer.com,IOiPPz0
Fredric,Kinsella,fkinsellag4@vinaora.com,TDyAuF3
Barbara-anne,Willers,bwillersg5@nymag.com,ScFEYh4Ow8
Giselbert,Paddock,gpaddockg6@opensource.org,HXcVLdpRFbI
Antone,Parell,aparellg7@ucoz.com,2Ndg96Zx9
Freeland,Brundrett,fbrundrettg8@webeden.co.uk,JYRpuPIrh
Georgeta,Scullin,gsculling9@nyu.edu,vjHI9IN1
Sonny,Gullam,sgullamga@cbsnews.com,rttRcRc5jn
Bastien,Terran,bterrangb@earthlink.net,nndn8oOgJKy
Nester,Mayall,nmayallgc@bing.com,TVf4oXdl7ue
Bowie,O' Borne,bobornegd@go.com,MsTyoKkI
Worth,Andriolli,wandriollige@github.io,PSiH5bFY
Tyrus,Quarles,tquarlesgf@feedburner.com,onYhEqIL3ZV
Kelbee,Hitscher,khitschergg@etsy.com,Z1HZKOewPQTo
Theresa,Valiant,tvaliantgh@t-online.de,deO3nGdGON
Forster,Clemencet,fclemencetgi@washingtonpost.com,ctI2M9jeK
Kyla,Dobbings,kdobbingsgj@flickr.com,LNkMl5NL
Morley,Novik,mnovikgk@slate.com,Ugdqtw7vMk
Tad,Roberson,trobersongl@myspace.com,IcBFkwZeizb
Cori,Bryer,cbryergm@japanpost.jp,RJdb5Yma
Gregoor,Crady,gcradygn@mail.ru,hGOXW0A
Wylma,Baron,wbarongo@mozilla.org,ySsIEAFhgXB
Aimil,Knok,aknokgp@nymag.com,r8f0dve
Free,Heinz,fheinzgq@nsw.gov.au,daxslx5eNWde
Zolly,Woof,zwoofgr@xrea.com,uGXFXAs7kh
Evita,Campion,ecampiongs@cmu.edu,R7c62QK
Farlee,Konmann,fkonmanngt@w3.org,fotaGHT
Julie,Feeny,jfeenygu@jimdo.com,53hS0cLb
Jorgan,Kroll,jkrollgv@nasa.gov,DiVyGHT
Cobb,Gillon,cgillongw@goo.gl,5hXDSx
Prinz,Hardinge,phardingegx@globo.com,KOsQZ7Y
Cathyleen,Borrell,cborrellgy@smh.com.au,Qym2aC0al
Sonja,Lansberry,slansberrygz@cbc.ca,4OqapBYEC
Morgun,Mordecai,mmordecaih0@clickbank.net,u2E83oU6q
Seamus,Hasling,shaslingh1@slate.com,shkGSwIBa1v
Leanna,D'Antoni,ldantonih2@cbslocal.com,j8RhQ40m
Adolphe,Thaxton,athaxtonh3@nature.com,CQ3JDn2Zdz
Evangelin,McRory,emcroryh4@unicef.org,xZBbmPNqe1
Leena,Eayrs,leayrsh5@unicef.org,GP5mfuyE5jE1
Anetta,Muzzini,amuzzinih6@unblog.fr,r9SmHVqJk
Mikael,Kynge,mkyngeh7@ocn.ne.jp,CxwGwDq0hvkU
Paolo,Atton,pattonh8@tamu.edu,5YGbq8OYprrj
Jake,Dumbrall,jdumbrallh9@goo.gl,BwwYRw3758B
Mirelle,Lanmeid,mlanmeidha@vinaora.com,Q3jfMcnG
Jolynn,McCurdy,jmccurdyhb@domainmarket.com,EIMXp4UlCKIy
Findley,Lempke,flempkehc@accuweather.com,b39wjDWBe
Arabela,Bellis,abellishd@youtube.com,4VW3lTmar
Merissa,Skelding,mskeldinghe@ucsd.edu,6UoGzuncc
Bridgette,Nias,bniashf@tiny.cc,NUtshIC8I
Sinclare,Parkhouse,sparkhousehg@va.gov,Z1YkUrsVFDN
Lionel,Brindley,lbrindleyhh@msu.edu,8MyHCsEpac2s
Sigfried,Javes,sjaveshi@scribd.com,124zuDq
Miles,Gorvin,mgorvinhj@wikipedia.org,4uHkTQ
Bank,Tupling,btuplinghk@un.org,ZkMCrnQ2iHh
Yorgo,Blumfield,yblumfieldhl@fc2.com,uiEqJnySH
Briney,MacDougal,bmacdougalhm@blogger.com,TnoErxY82
Eadith,Kinnar,ekinnarhn@joomla.org,pwNWGX4x3Jdt
Joane,Molian,jmolianho@godaddy.com,MoHcvDE
Sigismondo,Assard,sassardhp@nytimes.com,XfLb9G
Brunhilde,Tetther,btettherhq@businesswire.com,QhND5G
Sheryl,Tarbet,starbethr@netscape.com,N1cGlZbIdXZ
Renee,Hyndley,rhyndleyhs@amazonaws.com,gl685YKu2
Verene,Walling,vwallinght@seattletimes.com,V0g30hLQjQ
Hagan,McPaike,hmcpaikehu@elegantthemes.com,NEZ5P0CYO
Beauregard,Kloisner,bkloisnerhv@topsy.com,xaWkYt
Marten,Ginsie,mginsiehw@weather.com,N4eCLYz3l
Charissa,Pendall,cpendallhx@hugedomains.com,Q2fNMfMNHpxg
Giles,Raffels,graffelshy@blog.com,2HUZEUGgM
Janifer,Corish,jcorishhz@netvibes.com,lJMO8LTR
Mortie,Meikle,mmeiklei0@ocn.ne.jp,U1aR3aLO
Alexine,Loudian,aloudiani1@technorati.com,MvBmg6bGw9a
Layla,Tyrer,ltyreri2@netvibes.com,cUhsy9
Shel,McLay,smclayi3@ucoz.ru,rnxJyeA1s
Jobina,Condie,jcondiei4@imageshack.us,lfJpjeFigfbN
Dallas,McIlmorow,dmcilmorowi5@google.es,lcsVIUA
Marisa,Chiechio,mchiechioi6@discuz.net,2SizHNLdHH
Angelina,Starrs,astarrsi7@wikipedia.org,3W39gB
Tymothy,Daugherty,tdaughertyi8@dyndns.org,RHNrbw
Shaylyn,Bailiss,sbailissi9@illinois.edu,XFSUIA
Idaline,Newsham,inewshamia@posterous.com,oosEOpP1nw
Augy,Baily,abailyib@instagram.com,oTcqXtsoF8
Serge,Pellman,spellmanic@freewebs.com,VDy3j9JiYN
Auberta,Kovelmann,akovelmannid@pagesperso-orange.fr,ac50dHb
Isidor,Cocher,icocherie@opensource.org,5cOkzOT4
Abagail,Shafto,ashaftoif@php.net,hYdH4PkVyR
Nadeen,Hrinishin,nhrinishinig@tinypic.com,SIWOStfyv
Glenden,Gumb,ggumbih@mozilla.com,tEqiKsB
Prescott,Carman,pcarmanii@vistaprint.com,Kt2Smix1Z
Norton,McGing,nmcgingij@nyu.edu,BA5Bz5k
Clair,Landrieu,clandrieuik@wired.com,g7mxbrBUhY
Tanner,Challenger,tchallengeril@comsenz.com,Urf1iCrTM
Inga,Petranek,ipetranekim@google.com.hk,b8sx4Exm
Westleigh,Danielou,wdanielouin@yahoo.com,B9NIzKwQ
Salaidh,Craven,scravenio@baidu.com,dF7B2Tk3
Grenville,Cayton,gcaytonip@merriam-webster.com,PoDiVM96incp
Vaughn,Guierre,vguierreiq@webeden.co.uk,ytykWgUHA
Avril,Egginson,aegginsonir@uol.com.br,k6TS1n8gR
Amberly,Haglinton,ahaglintonis@devhub.com,Wr435tdR
Elenore,Ekins,eekinsit@cocolog-nifty.com,PzJkwOc3T7G
Ilaire,Shuttell,ishuttelliu@apache.org,rcCgIf42
Fee,Mattussevich,fmattussevichiv@skype.com,1BwqZ8
Timmy,Comello,tcomelloiw@disqus.com,vVXG8te
Ardisj,Dawton,adawtonix@blogspot.com,nohJJEe74laf
Heda,Piris,hpirisiy@icq.com,UdLXKqPeYVj
Wendi,McIlroy,wmcilroyiz@youtube.com,Vezxd8MI
Mattheus,Donoghue,mdonoghuej0@histats.com,qumKXsyRxy
Nickolai,Bainton,nbaintonj1@addthis.com,LIW7luGZWsyD
Nedda,Hazleton,nhazletonj2@mashable.com,UEraRem5v
Bond,Edgerley,bedgerleyj3@goo.ne.jp,8Emx5CJ41Cz
Ellynn,Spaldin,espaldinj4@harvard.edu,Q3PCMt
Lelia,Kenninghan,lkenninghanj5@histats.com,kyo1v0lkbQi
Kelcey,Castagna,kcastagnaj6@weather.com,wXKNdVNrnB7S
Dolly,Cumbridge,dcumbridgej7@canalblog.com,8NUB7hW403M
Ahmed,MacSherry,amacsherryj8@intel.com,3evLfH3
Merissa,Jermin,mjerminj9@typepad.com,JHriw2F0ljO
Shep,Odhams,sodhamsja@xrea.com,Qmw66tDMhqAd
Ryon,Paumier,rpaumierjb@ox.ac.uk,vaUZcP1EdP6
Mark,Connochie,mconnochiejc@about.com,pgYjs7FkxFO
Axel,Skunes,askunesjd@mit.edu,4JEzINtvmtt
Annie,Felmingham,afelminghamje@umich.edu,y7QzwO9
Wood,Bettles,wbettlesjf@google.ru,rg4GwqhHwwb
Rusty,Gillanders,rgillandersjg@house.gov,AfHD7JayG7DY
Candis,Colt,ccoltjh@yahoo.co.jp,Hu16vDKZA5O
Carolyn,Faulds,cfauldsji@epa.gov,dU12lcvveJ2
Carlen,Bowld,cbowldjj@google.es,QU2Y0rHSe
Roselle,Neubigging,rneubiggingjk@trellian.com,B9lmxn
Rosamund,Burley,rburleyjl@elegantthemes.com,YmN6QFkbED
Boote,Witard,bwitardjm@irs.gov,yzfwKSaln16
Son,Blueman,sbluemanjn@issuu.com,fYlW2V6
Rebekah,Jumeau,rjumeaujo@mozilla.org,NWuwcW
Edsel,Haburne,ehaburnejp@smugmug.com,JkEbwpoUCln
Heloise,Goodbourn,hgoodbournjq@nationalgeographic.com,NVtr65uGu
Ewen,Eck,eeckjr@unesco.org,mSpEou6v
Nonah,Silcox,nsilcoxjs@pagesperso-orange.fr,eA9FJGEx
Carola,Hutfield,chutfieldjt@php.net,uAhbkVIJx91
Maximilien,Kirsop,mkirsopju@cdc.gov,JXjwP158LIbs
Florina,Saunder,fsaunderjv@wikispaces.com,Tx5qxE
Nancey,Roakes,nroakesjw@boston.com,OtGPZwWopbY
Walker,Wardhaugh,wwardhaughjx@tinypic.com,wfVfirSX7
Darb,Clifford,dcliffordjy@auda.org.au,P0MShWfrlS
Miles,Long,mlongjz@myspace.com,WUr4D7LJZvN
La verne,Keelan,lkeelank0@illinois.edu,LKnapE6Tn
Norine,Batiste,nbatistek1@webmd.com,fPcwnBcTyxE
Augustina,Anglim,aanglimk2@oakley.com,1ECOcMksjp
Jojo,Antal,jantalk3@1688.com,BX1AJgNCgw
Zarah,Slader,zsladerk4@macromedia.com,2uxTYFE2m
Glynn,Mirralls,gmirrallsk5@icio.us,byBjsnk
Alon,MacCawley,amaccawleyk6@ning.com,tOj3DhISl
Alexis,Corkell,acorkellk7@imageshack.us,Cx4c08N4x
Frederic,Plomer,fplomerk8@infoseek.co.jp,Y0opQ1VXAwp3
Olivier,Cattini,ocattinik9@jalbum.net,EcjlXK
Rosco,Vedyasov,rvedyasovka@dropbox.com,TE12cD
Honor,Blackford,hblackfordkb@hao123.com,6kqZAj2G5s
Virgie,Molan,vmolankc@spotify.com,J0iWyeRFMt
Giffy,Mattock,gmattockkd@typepad.com,AeJgu0kdfdd
Grazia,Ferrey,gferreyke@instagram.com,wpz51uS80Gx
Sebastien,Loftus,sloftuskf@imdb.com,rCJAFhsYlnn
Jerrine,Rosoni,jrosonikg@earthlink.net,v48RMy
Elijah,Ollie,eolliekh@unc.edu,wuOKeWDzowb
Tabitha,Espy,tespyki@privacy.gov.au,D2kyGT38d
Gaylene,Pughsley,gpughsleykj@opera.com,mnRoH1Dam5mn
Menard,MacAiline,mmacailinekk@hostgator.com,BdjA3KTEkjTO
Deni,Lytell,dlytellkl@ycombinator.com,MTfwaA
Carleen,Dimblebee,cdimblebeekm@google.com.br,4rW8gpHHybeI
Jacquetta,Beardshaw,jbeardshawkn@earthlink.net,tt073Oy9pAAZ
Chicky,Ledley,cledleyko@sitemeter.com,Sd48fXag
Lynea,Portlock,lportlockkp@purevolume.com,rZnwg6DCUn
Tabatha,Elan,telankq@google.fr,JaEwvB
Lyman,Brickdale,lbrickdalekr@ebay.com,i7sV2WR
Englebert,Tumbridge,etumbridgeks@wikia.com,UsqfSTC
Mathe,Gilpillan,mgilpillankt@i2i.jp,NsTvqPix1
Wynne,Leathers,wleathersku@microsoft.com,vWEv5AtVH8D
Verla,Goulder,vgoulderkv@hc360.com,gJe4e2
Ernst,Fenner,efennerkw@nsw.gov.au,Q7xlgGFuZ
Hadley,Cross,hcrosskx@techcrunch.com,TNmP2RF
Sibel,Fayerman,sfayermanky@sogou.com,Ncd2S9u
Abe,Osborn,aosbornkz@zdnet.com,lcf2fYAu9U
Neal,Lenney,nlenneyl0@google.pl,k6xxioyq
Willow,Dabrowski,wdabrowskil1@fc2.com,hhmYYCn
Sherrie,Ridett,sridettl2@loc.gov,xVAO2uL3Q6sy
Dorine,Budik,dbudikl3@networkadvertising.org,3sM356v
Leshia,Claeskens,lclaeskensl4@liveinternet.ru,P7bJLldO
Erin,Hicklingbottom,ehicklingbottoml5@cloudflare.com,Ogiqxq9xWDCE
Adelheid,Crumly,acrumlyl6@ycombinator.com,TwHYhlG
Gussy,Marland,gmarlandl7@simplemachines.org,awh4GNj
Mavra,Woodyeare,mwoodyearel8@biglobe.ne.jp,s1dUqUfvdr1
Reba,Troake,rtroakel9@simplemachines.org,Fhq6GQsHxX
Warde,Collings,wcollingsla@vkontakte.ru,nIXY8VcXvow0
Dulci,Groves,dgroveslb@arizona.edu,TPhcLAUuqV
Toiboid,MacGlory,tmacglorylc@engadget.com,IQB8Thu7nEP
Obadias,Sein,oseinld@printfriendly.com,cVyWsGj
Gunilla,Powling,gpowlingle@jigsy.com,JCFtdT9Zbh
Sadie,Shyre,sshyrelf@archive.org,zUJmeXIawaJR
Adena,Dorre,adorrelg@slideshare.net,zIkeLUA
Ambros,Tegler,ateglerlh@weebly.com,mwTEQb45fc6
Effie,Beckey,ebeckeyli@goodreads.com,f0qG5Q
Cornall,Gledhill,cgledhilllj@edublogs.org,Gn7EnGyd1
Gizela,Buckam,gbuckamlk@apache.org,bc5VyuvJztfq
Shelli,Emeny,semenyll@networkadvertising.org,DpdWFhwROGO
Dusty,Pardy,dpardylm@state.tx.us,UuR1M0TCSs
Shane,Kirmond,skirmondln@columbia.edu,GxIsEC9qy
Sybilla,Meenehan,smeenehanlo@nymag.com,xlzCfmrJyZWK
Burlie,Thuillier,bthuillierlp@ca.gov,3YwN6tlt
Iggy,Daddow,idaddowlq@upenn.edu,gfWymEOMi2w2
Sadie,Huey,shueylr@theglobeandmail.com,4aC4Qi
Halimeda,Coster,hcosterls@amazon.de,Yd8cppZfDLsg
Nicolina,Matura,nmaturalt@pinterest.com,IeRYbcbs4l7
Scarface,Shegog,sshegoglu@fema.gov,fY9Y1mA
Mariette,Engelmann,mengelmannlv@macromedia.com,o7dxla
Dorry,Livens,dlivenslw@bigcartel.com,8Wlr81I2EVv3
Melicent,Dupey,mdupeylx@hao123.com,d2TzsXX
Micky,Broe,mbroely@pinterest.com,g03wCX
Helli,Webley,hwebleylz@latimes.com,s9xrau1Uem
Wade,Rankling,wranklingm0@linkedin.com,zrT0xFH
Elia,Linnett,elinnettm1@columbia.edu,3s3QZrWO
Chrystel,Vause,cvausem2@wsj.com,Z8U4G3Ph
Sydney,Ockenden,sockendenm3@mac.com,TYDABqlf0j
Ileane,Poulton,ipoultonm4@goodreads.com,tU0ei4Oq
Kimberley,Stickford,kstickfordm5@icio.us,BPl2sik
Clotilda,McAuslan,cmcauslanm6@ox.ac.uk,h3HGTPrIT
Gianni,Mallabone,gmallabonem7@mlb.com,SUtyPf0xv
Deborah,Gawkroge,dgawkrogem8@mac.com,v7e3re1oe
Foster,Simkovitz,fsimkovitzm9@illinois.edu,mVxHAD8gwS
Clem,Buttriss,cbuttrissma@deliciousdays.com,54FDuSHnj
Paco,Meffin,pmeffinmb@free.fr,6CnvEd8JuDq7
Hew,McBayne,hmcbaynemc@bloglovin.com,VNPzyRwA
Nevsa,Stapele,nstapelemd@woothemes.com,SUTgCl9tABoB
Marty,Van der Merwe,mvandermerweme@yale.edu,zKmjvk7aC29k
Marlow,Bibey,mbibeymf@mlb.com,lcpy2VDP
Shamus,McGrirl,smcgrirlmg@e-recht24.de,gOfDYXP7V
Fifi,Barracks,fbarracksmh@tinypic.com,3XtriCK
Ingrid,Fry,ifrymi@homestead.com,HN33yWu
Ferrell,Baylay,fbaylaymj@miibeian.gov.cn,2CTB8DBbC8G
Myles,Grimwad,mgrimwadmk@desdev.cn,Zcn9EfDt
Bobette,Grunwall,bgrunwallml@va.gov,dYLMQLH0
Sephira,Levett,slevettmm@stumbleupon.com,5WAkyG
Nari,Montfort,nmontfortmn@ftc.gov,27gGW4
Atlanta,Rostern,arosternmo@webeden.co.uk,01aj6xrQB
Norah,Broadley,nbroadleymp@cmu.edu,jMPCdbn
Jada,Winckles,jwincklesmq@cornell.edu,99zODPRg
Armstrong,Ashby,aashbymr@fc2.com,kIah3PjeGgx
Fax,Krochmann,fkrochmannms@sohu.com,GOovdKrXVMa
Garrick,Tournie,gtourniemt@bbc.co.uk,0JWTOKzTCBU
Ninon,Beall,nbeallmu@4shared.com,ilHXjWr
Susette,Dickon,sdickonmv@europa.eu,CFnxQR
Gannie,Rubbert,grubbertmw@soundcloud.com,Arb1srd0ZO
Marybeth,Camacke,mcamackemx@simplemachines.org,muJSoaVJu
Simonne,Bernasek,sbernasekmy@twitter.com,8qeJxPF3K
Augustus,Tolerton,atolertonmz@godaddy.com,750HugVGGg
Kevina,Ruggier,kruggiern0@vistaprint.com,U5KTpVmLn1E
Jesselyn,Conant,jconantn1@va.gov,ZsKc3cvV
Gottfried,Clifforth,gclifforthn2@shutterfly.com,2pM8sl
Ranique,Grandisson,rgrandissonn3@ehow.com,WB2FSTw
Wolf,Buggs,wbuggsn4@wordpress.com,SjF6V9Y
Winnah,Pfeifer,wpfeifern5@creativecommons.org,m3yzspb
Dehlia,Whelband,dwhelbandn6@techcrunch.com,fjdgYj
Sheena,Brann,sbrannn7@nytimes.com,ieojBhsDp8F5
Sylvester,Keirl,skeirln8@networksolutions.com,V95Ybcn
Brooke,Leatt,bleattn9@engadget.com,1ZNQ0wmjOuV7
Robina,Gietz,rgietzna@unesco.org,shCIXppUm
Gretta,Parell,gparellnb@auda.org.au,TOuF7UjPy
Elga,Perigeaux,eperigeauxnc@plala.or.jp,qc89AwZq5
Guillermo,Arthan,garthannd@opera.com,l6DUzVagU
Arlee,Robertshaw,arobertshawne@histats.com,TvnaAciVC
Blake,Dozdill,bdozdillnf@themeforest.net,sAkQV63
Ellie,Poulney,epoulneyng@elpais.com,Gmrs8cRvj99
Cecil,Sowrah,csowrahnh@sitemeter.com,MNjnWBvBckU
Deane,Kenwyn,dkenwynni@cbsnews.com,LxEje7
Egon,Hastings,ehastingsnj@ovh.net,8g9hZ25t
Cori,Furniss,cfurnissnk@webeden.co.uk,zuUHjH
Ester,Pellissier,epellissiernl@bbc.co.uk,v4gwAtS
Carol-jean,Verick,cvericknm@51.la,wcFDYFVsNDoD
Byrann,Raddenbury,braddenburynn@springer.com,W3fsXm7M
Lyda,Gladdolph,lgladdolphno@reference.com,sbmBvyVf
Banky,Dissman,bdissmannp@bbc.co.uk,unDn5F9ZwbQ
Ravid,Rozsa,rrozsanq@dell.com,5g4sy2nF2fS
Abey,Ickovitz,aickovitznr@ibm.com,GxxlC6
Goldi,Aggs,gaggsns@bluehost.com,fEZryV0
Berenice,Postle,bpostlent@flickr.com,0wxSi4vxp2
Susie,Farndale,sfarndalenu@nifty.com,NswpBU
Trip,Brittle,tbrittlenv@cargocollective.com,VebsSIjiyO
Gaye,Cahey,gcaheynw@reference.com,t53OeTa6
Clark,Ingyon,cingyonnx@comcast.net,eiVVJAgD9IC
Nicolle,Jeffcoat,njeffcoatny@slate.com,bbZaRg
Shanna,Woodier,swoodiernz@indiegogo.com,y23Et5FcV8P
Madella,Kalvin,mkalvino0@linkedin.com,UL2gd9U
Aubine,Halwell,ahalwello1@yelp.com,Mf5D6062CB6
Ophelia,Gertz,ogertzo2@networksolutions.com,eO9w5kC
Town,Torrie,ttorrieo3@tinyurl.com,qb3kz07870D4
Odelinda,McCurlye,omccurlyeo4@last.fm,Vk02ZusIPCgW
Shae,Balloch,sballocho5@cmu.edu,4XhJiA
Marvin,Arlt,marlto6@ehow.com,ZsNAjU0Ty7
Kerry,Showt,kshowto7@storify.com,M5OdidLM8W
Alyse,Martinyuk,amartinyuko8@thetimes.co.uk,kxuiFzXo
Efren,Salmoni,esalmonio9@wunderground.com,CL9tldyLi3O4
Bone,Pavlata,bpavlataoa@cyberchimps.com,dNajU0
Cherlyn,Ferrie,cferrieob@ifeng.com,cSj1Hvl
Rebeka,Calleja,rcallejaoc@usgs.gov,Qd5mDAOccqeT
Morgan,Setter,msetterod@spotify.com,SW34F1
Scarlet,Dennitts,sdennittsoe@multiply.com,ZiCkzyHlav
Melicent,Snasdell,msnasdellof@elegantthemes.com,Uaua0n0Xl
Alida,Kirman,akirmanog@dedecms.com,7yJklLQ0r3Z
Dermot,Spaven,dspavenoh@dion.ne.jp,5c9eblKW
Roger,Burnsall,rburnsalloi@t.co,RWO5ph
Rockey,De Blase,rdeblaseoj@etsy.com,femhtxCiMOH
Alicia,Warlton,awarltonok@hatena.ne.jp,3o4ceUIXN
Rafaela,Beaven,rbeavenol@tumblr.com,sPto3pCF
Susann,Corde,scordeom@fastcompany.com,i6BRXQXR
Lucilia,Meneely,lmeneelyon@imgur.com,Av2Z0qqcSlr
Joann,Skingley,jskingleyoo@zdnet.com,h9EdD6LJRe5
Devonne,Hurling,dhurlingop@go.com,40ZI9n
Melissa,Toffanini,mtoffaninioq@hp.com,0worz6X
Valene,Luchetti,vluchettior@wufoo.com,LfZBRDZui
Bryce,Brandt,bbrandtos@ehow.com,GbdJouOfX
Esme,Szymaniak,eszymaniakot@fema.gov,yXRKXV6Ct3
Joshia,Clynmans,jclynmansou@stanford.edu,f0gk4B
Alla,Arnaldy,aarnaldyov@dedecms.com,64L5Sm2fHQRm
Dominique,Pasmore,dpasmoreow@list-manage.com,voteehjnA
Sibylle,Murrow,smurrowox@yolasite.com,6CgWIB
Yettie,Jennins,yjenninsoy@craigslist.org,eRwW4a
Myrah,Synnot,msynnotoz@myspace.com,i9WVn8AD
Jessee,Nardoni,jnardonip0@berkeley.edu,0fi1feRHAUV
Margarete,Jozefiak,mjozefiakp1@google.ca,3vpY1hX21ni
Abram,Greatorex,agreatorexp2@redcross.org,2gQxogJwb3iP
Adrienne,Pickles,apicklesp3@blinklist.com,tMbGIkUhiW
Rodina,Broadstock,rbroadstockp4@baidu.com,FpJLniJRpc
Moshe,Fentem,mfentemp5@vimeo.com,ERn4czMqeQH
Caldwell,Varley,cvarleyp6@squarespace.com,E6nswpzdMAIl
Arlen,Pennone,apennonep7@hibu.com,lhhD37SqXR
Leeland,Fingleton,lfingletonp8@ustream.tv,6d7FqSicFgMr
Livvy,Sugar,lsugarp9@theatlantic.com,NSSjpr4rArzx
Dosi,Quibell,dquibellpa@slate.com,pve26pPD
Vannie,Elt,veltpb@noaa.gov,AWbUjFzE1B
Odelia,Tearle,otearlepc@artisteer.com,RoBbPRONs
Sandy,Foynes,sfoynespd@yelp.com,0BZkrUVi5wO
Anny,Naish,anaishpe@dot.gov,79q8NtlJDW
Riannon,Pettyfer,rpettyferpf@auda.org.au,B5yR0mZ
Nikola,Hugonneau,nhugonneaupg@springer.com,F13bJUU
Aymer,Bewshire,abewshireph@about.me,KzFVUTv
Fergus,Quodling,fquodlingpi@cam.ac.uk,WqqsiD6LN
Karlene,Soldan,ksoldanpj@cdbaby.com,03YTkKsPd
Grissel,Roslen,groslenpk@ibm.com,gyGI3vUQmn0V
Mile,Waye,mwayepl@ca.gov,S6kMwKPDZi
Lissi,Vescovini,lvescovinipm@infoseek.co.jp,EdhmtU9Ux
Austen,Shailer,ashailerpn@sohu.com,GPKe8QL0W
Valentijn,Sheddan,vsheddanpo@nationalgeographic.com,EpEskfk
Xenos,Nutten,xnuttenpp@stanford.edu,8EYRrc3j3s
Rasia,Minshull,rminshullpq@booking.com,IVD7BrVYkly
Florida,Coker,fcokerpr@friendfeed.com,RRIYnBh6L
Dalis,Schriren,dschrirenps@gravatar.com,796GFPy6gj4
Tuckie,Grube,tgrubept@barnesandnoble.com,95bhPXHpx
Mabel,Brogioni,mbrogionipu@timesonline.co.uk,v6sT8uCg
Pietro,Demaine,pdemainepv@taobao.com,Cla18BeG8sPA
Koo,Tonge,ktongepw@reuters.com,R7wscEZGdab
Timothea,Halmkin,thalmkinpx@gravatar.com,XUprU4cKAMsE
Oralia,De Pero,odeperopy@dion.ne.jp,dpZIkOwt0B
Tish,Gregon,tgregonpz@fda.gov,MFgOTCwcTvf
Patrick,Hustler,phustlerq0@eventbrite.com,MCguTAtW
Jobi,Syncke,jsynckeq1@t.co,oMyNgo
Ardyth,Ambresin,aambresinq2@tuttocitta.it,vKQm96
Gare,Torrie,gtorrieq3@vinaora.com,lNMpno
Clevie,Lovekin,clovekinq4@globo.com,c5MIYeOh
Sadie,Rawlinson,srawlinsonq5@creativecommons.org,zyhWEkzki
Giorgio,Ick,gickq6@scribd.com,HjqqS6C9r
Elia,Fairy,efairyq7@uiuc.edu,kdPDyk41z
Shanan,Gregol,sgregolq8@people.com.cn,eG942wJRX7
Granthem,Spohrmann,gspohrmannq9@furl.net,UURC6tFqL
Bili,Hewertson,bhewertsonqa@netvibes.com,EbygU7f
Rene,Feldmesser,rfeldmesserqb@homestead.com,9Mhn7w0
Verge,Mingay,vmingayqc@archive.org,JQyVfsUkx
Karoly,Iliff,kiliffqd@zdnet.com,v1kvynuhzX
Jorry,Ellesworthe,jelleswortheqe@xing.com,905dJ5tw
Riannon,Cordey,rcordeyqf@tamu.edu,1oRuOwoDEJsO
Casey,Athridge,cathridgeqg@dell.com,lnP1Bi
Joeann,Horning,jhorningqh@weebly.com,uQvK4mNJ6
Antonetta,Licari,alicariqi@1und1.de,gEgYwAm47msx
Ravi,Lupson,rlupsonqj@google.com.au,Cv5NIqIC
Sheeree,Snellman,ssnellmanqk@sphinn.com,XgXECLLe
Chen,Trewartha,ctrewarthaql@earthlink.net,ydSnPYAn
Marge,Onions,monionsqm@yandex.ru,y3k3DbiQUlc
Emelita,Wrates,ewratesqn@4shared.com,gwpFdl1
Natalya,Benedite,nbenediteqo@goo.ne.jp,yLsMu3ee
Starlene,Howitt,showittqp@friendfeed.com,YPkumJF5
Lazare,Timewell,ltimewellqq@cnbc.com,fUlMgzWA
Zedekiah,Murford,zmurfordqr@cbc.ca,uHYpmdLbG
Orelie,Harget,ohargetqs@bing.com,Fk2itZA9XlL
Del,Abelov,dabelovqt@youku.com,waqVefN3r3
Fax,Craigmyle,fcraigmylequ@seattletimes.com,mx6I9Igov
Kalila,Tubby,ktubbyqv@springer.com,jhqA5QPb
Vidovik,Dewer,vdewerqw@opensource.org,6EJyWO
Kaitlyn,Lalonde,klalondeqx@japanpost.jp,UrFF7c15
Nataniel,Babcock,nbabcockqy@posterous.com,N0Yl4OxtUXB
Emmy,Sayes,esayesqz@wordpress.org,72TcetL9AHzr
Devin,Dauncey,ddaunceyr0@oaic.gov.au,nXTnLKn
Mela,Lievesley,mlievesleyr1@discovery.com,tHYzJli57
Marillin,Coventon,mcoventonr2@hubpages.com,bfDUOW
Elli,Jouannisson,ejouannissonr3@google.co.jp,X30bXgZrAtI
Dougie,Caton,dcatonr4@nationalgeographic.com,E4ktjjNO
Hugh,Banke,hbanker5@mapy.cz,ZeEGS9C4t5
Ania,Maddra,amaddrar6@reverbnation.com,hDRpBs
Tanitansy,Toderbrugge,ttoderbrugger7@xinhuanet.com,iO6i2iQBl4NZ
Amble,Parsley,aparsleyr8@mayoclinic.com,IFjEK0twO3I
Briano,Pedersen,bpedersenr9@stanford.edu,LIm7BcvM
Orion,Jardin,ojardinra@nsw.gov.au,gpbRwLP
Heriberto,Griffe,hgrifferb@furl.net,kiIwFZkz7S
Dur,Batham,dbathamrc@geocities.jp,GZUjXj3egjL
Olenolin,Clemens,oclemensrd@digg.com,HUuztxG4
Sadie,Georgeot,sgeorgeotre@apache.org,NDVvRDKRo
Sybille,Zavattero,szavatterorf@clickbank.net,X1Hv4T9I7dK
Morten,Georger,mgeorgerrg@youtu.be,8XT0B3wQNw
Karilynn,Gress,kgressrh@time.com,lapExiJLf5v2
Naoma,Deveraux,ndeverauxri@oaic.gov.au,7pQP8eKMc
Corey,Bonifacio,cbonifaciorj@qq.com,xNx11rVP
Belita,Dallender,bdallenderrk@irs.gov,1d4B9t1
Laney,Breeton,lbreetonrl@artisteer.com,tHU08z26Rd
Susann,Kachel,skachelrm@bizjournals.com,pJbgLEc0
Tarrah,Roads,troadsrn@chron.com,Zn9KEndjl
Renato,Petrushanko,rpetrushankoro@sbwire.com,3yOCsUwhh
Erek,Hartnell,ehartnellrp@noaa.gov,TQRgsM
Gilemette,Sewards,gsewardsrq@people.com.cn,EaN296
Sidney,Jimenez,sjimenezrr@earthlink.net,qhUWmsUnIz
